-- phpMyAdmin SQL Dump
-- version 5.2.1
-- https://www.phpmyadmin.net/
--
-- Host: 127.0.0.1
-- Generation Time: Mar 25, 2025 at 07:39 PM
-- Server version: 10.4.32-MariaDB
-- PHP Version: 8.2.12

SET SQL_MODE = "NO_AUTO_VALUE_ON_ZERO";
START TRANSACTION;
SET time_zone = "+00:00";


/*!40101 SET @OLD_CHARACTER_SET_CLIENT=@@CHARACTER_SET_CLIENT */;
/*!40101 SET @OLD_CHARACTER_SET_RESULTS=@@CHARACTER_SET_RESULTS */;
/*!40101 SET @OLD_COLLATION_CONNECTION=@@COLLATION_CONNECTION */;
/*!40101 SET NAMES utf8mb4 */;

--
-- Database: `blog_db`
--

-- --------------------------------------------------------

--
-- Table structure for table `auth_tokens`
--

CREATE TABLE `auth_tokens` (
  `id` int(11) NOT NULL,
  `selector` char(24) NOT NULL,
  `hashed_validator` char(255) NOT NULL,
  `user_id` int(11) NOT NULL,
  `expires` datetime NOT NULL
) ENGINE=InnoDB DEFAULT CHARSET=utf8mb4 COLLATE=utf8mb4_general_ci;

-- --------------------------------------------------------

--
-- Table structure for table `categories`
--

CREATE TABLE `categories` (
  `id` int(11) NOT NULL,
  `name` varchar(50) NOT NULL
) ENGINE=InnoDB DEFAULT CHARSET=utf8mb4 COLLATE=utf8mb4_general_ci;

--
-- Dumping data for table `categories`
--

INSERT INTO `categories` (`id`, `name`) VALUES
(1, 'Technology'),
(2, 'Lifestyle'),
(3, 'Health'),
(4, 'Business'),
(5, 'Entertainment');

-- --------------------------------------------------------

--
-- Table structure for table `comments`
--

CREATE TABLE `comments` (
  `id` int(11) NOT NULL,
  `post_id` int(11) DEFAULT NULL,
  `user_id` int(11) DEFAULT NULL,
  `content` text NOT NULL,
  `approved` tinyint(1) DEFAULT 0,
  `created_at` timestamp NOT NULL DEFAULT current_timestamp()
) ENGINE=InnoDB DEFAULT CHARSET=utf8mb4 COLLATE=utf8mb4_general_ci;

--
-- Dumping data for table `comments`
--

INSERT INTO `comments` (`id`, `post_id`, `user_id`, `content`, `approved`, `created_at`) VALUES
(1, 1, 2, 'Great post! Thanks for sharing.', 1, '2025-03-23 15:34:56'),
(2, 2, 3, 'Very informative. Keep up the good work!', 1, '2025-03-23 15:34:56'),
(3, 3, 1, 'I learned a lot from this.', 0, '2025-03-23 15:34:56');

-- --------------------------------------------------------

--
-- Table structure for table `posts`
--

CREATE TABLE `posts` (
  `id` int(11) NOT NULL,
  `title` varchar(255) NOT NULL,
  `content` text NOT NULL,
  `author_id` int(11) DEFAULT NULL,
  `category_id` int(11) DEFAULT NULL,
  `created_at` timestamp NOT NULL DEFAULT current_timestamp()
) ENGINE=InnoDB DEFAULT CHARSET=utf8mb4 COLLATE=utf8mb4_general_ci;

--
-- Dumping data for table `posts`
--

INSERT INTO `posts` (`id`, `title`, `content`, `author_id`, `category_id`, `created_at`) VALUES
(1, 'Latest Tech Trends', 'Technology is evolving rapidly...', 1, 1, '2025-03-23 15:34:56'),
(2, 'Healthy Living Tips', 'A healthy lifestyle is important...', 2, 3, '2025-03-23 15:34:56'),
(3, 'Business Strategies', 'Learn about effective business strategies...', 3, 4, '2025-03-23 15:34:56');

-- --------------------------------------------------------

--
-- Table structure for table `users`
--

CREATE TABLE `users` (
  `id` int(11) NOT NULL,
  `username` varchar(50) NOT NULL,
  `email` varchar(100) NOT NULL,
  `password` varchar(255) NOT NULL,
  `role` enum('admin','user') DEFAULT 'user'
) ENGINE=InnoDB DEFAULT CHARSET=utf8mb4 COLLATE=utf8mb4_general_ci;

--
-- Dumping data for table `users`
--

INSERT INTO `users` (`id`, `username`, `email`, `password`, `role`) VALUES
(1, 'admin', 'admin@example.com', 'adminpass', 'admin'),
(2, 'john_doe', 'john@example.com', 'password123', 'user'),
(3, 'jane_smith', 'jane@example.com', 'mypassword', 'user'),
(4, 'Hazrat Ali', 'hazrat.ali@gmail.com', '$2y$10$MXLZIq1WL0k42ghX4/LSGe1l4k47E1.xfNr2ab7rWbXtfLoWBx.L.', 'user'),
(5, 'Mr.Ali', 'ali@gmail.com', '$2y$10$qEg6uX2BNEaGuusq7oekvufk4OUuDyQrOqtEGNVdI01/AJyZNfyjG', 'user');

--
-- Indexes for dumped tables
--

--
-- Indexes for table `auth_tokens`
--
ALTER TABLE `auth_tokens`
  ADD PRIMARY KEY (`id`),
  ADD KEY `user_id` (`user_id`);

--
-- Indexes for table `categories`
--
ALTER TABLE `categories`
  ADD PRIMARY KEY (`id`);

--
-- Indexes for table `comments`
--
ALTER TABLE `comments`
  ADD PRIMARY KEY (`id`),
  ADD KEY `post_id` (`post_id`),
  ADD KEY `user_id` (`user_id`);

--
-- Indexes for table `posts`
--
ALTER TABLE `posts`
  ADD PRIMARY KEY (`id`),
  ADD KEY `author_id` (`author_id`),
  ADD KEY `category_id` (`category_id`);

--
-- Indexes for table `users`
--
ALTER TABLE `users`
  ADD PRIMARY KEY (`id`),
  ADD UNIQUE KEY `username` (`username`),
  ADD UNIQUE KEY `email` (`email`);

--
-- AUTO_INCREMENT for dumped tables
--

--
-- AUTO_INCREMENT for table `auth_tokens`
--
ALTER TABLE `auth_tokens`
  MODIFY `id` int(11) NOT NULL AUTO_INCREMENT;

--
-- AUTO_INCREMENT for table `categories`
--
ALTER TABLE `categories`
  MODIFY `id` int(11) NOT NULL AUTO_INCREMENT, AUTO_INCREMENT=6;

--
-- AUTO_INCREMENT for table `comments`
--
ALTER TABLE `comments`
  MODIFY `id` int(11) NOT NULL AUTO_INCREMENT, AUTO_INCREMENT=4;

--
-- AUTO_INCREMENT for table `posts`
--
ALTER TABLE `posts`
  MODIFY `id` int(11) NOT NULL AUTO_INCREMENT, AUTO_INCREMENT=4;

--
-- AUTO_INCREMENT for table `users`
--
ALTER TABLE `users`
  MODIFY `id` int(11) NOT NULL AUTO_INCREMENT, AUTO_INCREMENT=6;

--
-- Constraints for dumped tables
--

--
-- Constraints for table `auth_tokens`
--
ALTER TABLE `auth_tokens`
  ADD CONSTRAINT `auth_tokens_ibfk_1` FOREIGN KEY (`user_id`) REFERENCES `users` (`id`);

--
-- Constraints for table `comments`
--
ALTER TABLE `comments`
  ADD CONSTRAINT `comments_ibfk_1` FOREIGN KEY (`post_id`) REFERENCES `posts` (`id`),
  ADD CONSTRAINT `comments_ibfk_2` FOREIGN KEY (`user_id`) REFERENCES `users` (`id`);

--
-- Constraints for table `posts`
--
ALTER TABLE `posts`
  ADD CONSTRAINT `posts_ibfk_1` FOREIGN KEY (`author_id`) REFERENCES `users` (`id`),
  ADD CONSTRAINT `posts_ibfk_2` FOREIGN KEY (`category_id`) REFERENCES `categories` (`id`);
COMMIT;

/*!40101 SET CHARACTER_SET_CLIENT=@OLD_CHARACTER_SET_CLIENT */;
/*!40101 SET CHARACTER_SET_RESULTS=@OLD_CHARACTER_SET_RESULTS */;
/*!40101 SET COLLATION_CONNECTION=@OLD_COLLATION_CONNECTION */;
